arch,hazard_cost,num_steps,run_idx,seed,phase_1_end,phase_2_end,frame_attempts_p1,frame_attempts_p2,frame_attempts_p3,hazard_entries_p1,hazard_entries_p2,hazard_entries_p3,total_cost,mastered_pairs,top_attractor,top_attractor_pref,phase_3_clean,full_run_clean,hazards_flagged,time_to_first_flag,time_to_final_flag,actions_gated_p2,actions_gated_p3,attractors_mastered,time_to_first_mastery,time_to_final_mastery,first_banked,mastery_sequence,post_mastery_visits_total,p3_visits_to_mastered,p3_visits_to_unmastered
v0_10,0.1,20000,0,101599417,331,12000,0,0,0,0,7,0,0.7,80,"(3, 3)",717.6610378009665,True,False,2,5142,11523,774,513,,,,,,,,
v0_10,0.1,20000,1,1868476434,331,12000,0,0,0,0,7,2,0.8999999999999999,97,"(9, 10)",315.02896757904176,True,False,1,17406,17406,3112,1262,,,,,,,,
v0_10,0.1,20000,2,1388530916,331,12000,0,0,0,0,0,4,0.4,88,"(4, 15)",239.09449569723674,False,False,1,12172,12172,4889,5644,,,,,,,,
v0_10,0.1,20000,3,1007924285,331,12000,0,0,0,0,4,0,0.4,67,"(16, 3)",809.4667712753519,True,False,1,1580,1580,2076,1489,,,,,,,,
v0_10,0.1,20000,4,627317654,331,12000,0,0,0,0,0,1,0.1,88,"(16, 3)",398.56679870428394,True,True,0,,,969,1673,,,,,,,,
v0_10,0.1,20000,5,147372136,331,12000,0,0,0,0,8,0,0.7999999999999999,73,"(16, 3)",767.8881841245827,True,False,2,631,1592,3034,398,,,,,,,,
v0_10,0.1,20000,6,1914249153,331,12000,0,0,0,0,6,0,0.6,78,"(15, 16)",153.40061546181,True,False,2,5922,5929,2929,4890,,,,,,,,
v0_10,0.1,20000,7,1434303635,331,12000,0,0,0,0,2,0,0.2,44,"(4, 15)",1213.6751774591514,True,True,0,,,1054,183,,,,,,,,
v0_10,0.1,20000,8,1053697004,331,12000,0,0,0,0,8,4,1.2,80,"(15, 16)",374.5988480522516,False,False,3,9511,14250,3683,886,,,,,,,,
v0_10,0.1,20000,9,673090373,331,12000,0,0,0,0,6,0,0.6,57,"(9, 10)",1106.2408540320873,True,False,2,1011,1855,901,94,,,,,,,,
v0_10,0.5,20000,0,648649972,331,12000,0,0,0,0,8,0,4.0,91,"(4, 15)",533.7814400804043,True,False,2,1799,1802,2059,1321,,,,,,,,
v0_10,0.5,20000,1,268043341,331,12000,0,0,0,0,0,0,0.0,39,"(4, 15)",1256.8042265242532,True,True,0,,,24,18,,,,,,,,
v0_10,0.5,20000,2,1935581471,331,12000,0,0,0,0,2,0,1.0,66,"(3, 3)",893.9676416379771,True,True,0,,,3455,150,,,,,,,,
v0_10,0.5,20000,3,1554974840,331,12000,0,0,0,0,6,0,3.0,84,"(4, 15)",497.70975869568844,True,False,2,6043,7646,2433,228,,,,,,,,
v0_10,0.5,20000,4,1174368209,331,12000,0,0,0,0,1,0,0.5,41,"(4, 15)",1140.9558329810964,True,True,0,,,394,344,,,,,,,,
v0_10,0.5,20000,5,694422691,331,12000,0,0,0,0,3,0,1.5,72,"(3, 3)",639.7995979361306,True,False,0,,,2281,580,,,,,,,,
v0_10,0.5,20000,6,313816060,331,12000,0,0,0,0,9,3,6.0,89,"(15, 16)",404.3354899648817,False,False,3,1474,18679,3540,406,,,,,,,,
v0_10,0.5,20000,7,1981354190,331,12000,0,0,0,0,1,0,0.5,72,"(4, 15)",242.65813625705485,True,True,0,,,1703,669,,,,,,,,
v0_10,0.5,20000,8,1600747559,331,12000,0,0,0,0,5,2,3.5,71,"(15, 16)",286.04554999339393,True,False,1,7171,7171,4006,770,,,,,,,,
v0_10,0.5,20000,9,1120802041,331,12000,0,0,0,0,0,0,0.0,49,"(11, 5)",1049.5805607247544,True,True,0,,,1688,1,,,,,,,,
v0_10,1.0,20000,0,395875881,331,12000,0,0,0,0,4,6,10.0,87,"(15, 16)",85.49009416992361,False,False,3,8025,14283,2897,281,,,,,,,,
v0_10,1.0,20000,1,15269250,331,12000,0,0,0,0,0,0,0.0,52,"(3, 3)",1031.8350392130392,True,True,0,,,2097,83,,,,,,,,
v0_10,1.0,20000,2,1682807380,331,12000,0,0,0,0,4,0,4.0,71,"(15, 16)",79.20819362509016,True,False,0,,,3960,960,,,,,,,,
v0_10,1.0,20000,3,1302200749,331,12000,0,0,0,0,1,0,1.0,58,"(16, 3)",781.830825306958,True,True,0,,,1140,167,,,,,,,,
v0_10,1.0,20000,4,822255231,331,12000,0,0,0,0,1,2,3.0,65,"(4, 15)",213.4393043434328,True,False,0,,,2724,389,,,,,,,,
v0_10,1.0,20000,5,441648600,331,12000,0,0,0,0,2,0,2.0,95,"(4, 15)",603.7413517727009,True,True,0,,,1529,704,,,,,,,,
v0_10,1.0,20000,6,61041969,331,12000,0,0,0,0,1,0,1.0,100,"(16, 3)",265.6710191807527,True,True,0,,,4083,725,,,,,,,,
v0_10,1.0,20000,7,1728580099,331,12000,0,0,0,0,7,0,7.0,95,"(15, 16)",456.2894879106471,True,False,2,7572,10041,3378,465,,,,,,,,
v0_10,1.0,20000,8,1347973468,331,12000,0,0,0,0,6,0,6.0,64,"(4, 15)",260.29645337079336,True,False,2,6287,9489,4221,3357,,,,,,,,
v0_10,1.0,20000,9,868027950,331,12000,0,0,0,0,4,1,5.0,69,"(4, 15)",691.5872239468134,True,False,1,17457,17457,4166,63,,,,,,,,
v0_10,2.0,20000,0,170938142,331,12000,0,0,0,0,8,0,16.0,74,"(11, 5)",499.97760865700604,True,False,2,7099,7456,420,306,,,,,,,,
v0_10,2.0,20000,1,1937815159,331,12000,0,0,0,0,2,0,4.0,93,"(16, 3)",179.08745948092198,True,True,0,,,1324,481,,,,,,,,
v0_10,2.0,20000,2,1457869641,331,12000,0,0,0,0,12,1,26.0,76,"(9, 10)",950.5982416092289,True,False,4,5866,13700,812,83,,,,,,,,
v0_10,2.0,20000,3,1077263010,331,12000,0,0,0,0,9,0,18.0,56,"(9, 10)",926.3880906142884,True,False,3,1643,2605,227,115,,,,,,,,
v0_10,2.0,20000,4,696656379,331,12000,0,0,0,0,9,0,18.0,67,"(16, 3)",763.9353315312379,True,False,1,757,757,1361,22,,,,,,,,
v0_10,2.0,20000,5,216710861,331,12000,0,0,0,0,4,0,8.0,92,"(16, 3)",342.95595458098524,True,False,1,4427,4427,4613,200,,,,,,,,
v0_10,2.0,20000,6,1983587878,331,12000,0,0,0,0,4,2,12.0,75,"(16, 3)",574.1104287504493,True,False,2,1129,18420,2764,404,,,,,,,,
v0_10,2.0,20000,7,1503642360,331,12000,0,0,0,0,3,2,10.0,76,"(9, 10)",627.4364092333057,True,False,1,6191,6191,655,35,,,,,,,,
v0_10,2.0,20000,8,1123035729,331,12000,0,0,0,0,9,2,22.0,91,"(11, 5)",715.0191684362729,True,False,3,1688,2211,1378,621,,,,,,,,
v0_10,2.0,20000,9,643090211,331,12000,0,0,0,0,4,0,8.0,93,"(15, 16)",245.64167431291546,True,False,1,7888,7888,1943,898,,,,,,,,
v0_10,5.0,20000,0,851766037,331,12000,0,0,0,0,1,0,5.0,42,"(15, 16)",1166.4059548095136,True,True,0,,,860,47,,,,,,,,
v0_10,5.0,20000,1,371820519,331,12000,0,0,0,0,1,0,5.0,37,"(4, 15)",1139.2081494000831,True,True,0,,,1403,36,,,,,,,,
v0_10,5.0,20000,2,2138697536,331,12000,0,0,0,0,0,0,0.0,53,"(3, 3)",923.5081382269848,True,True,0,,,2626,130,,,,,,,,
v0_10,5.0,20000,3,1658752018,331,12000,0,0,0,0,4,2,30.0,70,"(15, 16)",1024.0710184398522,True,False,1,12103,12103,2062,268,,,,,,,,
v0_10,5.0,20000,4,1278145387,331,12000,0,0,0,0,3,4,35.0,103,"(9, 10)",238.62329542370918,False,False,1,4022,4022,2439,197,,,,,,,,
v0_10,5.0,20000,5,897538756,331,12000,0,0,0,0,3,3,30.0,78,"(15, 16)",529.3233305863478,False,False,1,15285,15285,1282,432,,,,,,,,
v0_10,5.0,20000,6,417593238,331,12000,0,0,0,0,2,0,10.0,67,"(4, 15)",288.6436792623407,True,True,0,,,3088,6523,,,,,,,,
v0_10,5.0,20000,7,36986607,331,12000,0,0,0,0,6,0,30.0,70,"(15, 16)",597.9378409175314,True,False,2,3802,10457,3811,1348,,,,,,,,
v0_10,5.0,20000,8,1704524737,331,12000,0,0,0,0,5,0,25.0,66,"(15, 16)",810.4062660596393,True,False,1,4623,4623,2487,518,,,,,,,,
v0_10,5.0,20000,9,1323918106,331,12000,0,0,0,0,5,2,35.0,55,"(3, 3)",965.1388140552804,True,False,1,18050,18050,2108,123,,,,,,,,
v0_10,10.0,20000,0,563959755,331,12000,0,0,0,0,4,0,40.0,80,"(16, 3)",772.3589744794183,True,False,0,,,1264,58,,,,,,,,
v0_10,10.0,20000,1,84014237,331,12000,0,0,0,0,4,0,40.0,68,"(16, 3)",10.150659577350567,True,False,1,8113,8113,4486,228,,,,,,,,
v0_10,10.0,20000,2,1850891254,331,12000,0,0,0,0,5,0,50.0,82,"(9, 10)",483.2600236796171,True,False,0,,,422,1011,,,,,,,,
v0_10,10.0,20000,3,1370945736,331,12000,0,0,0,0,0,0,0.0,65,"(4, 15)",878.2490582039102,True,True,0,,,253,38,,,,,,,,
v0_10,10.0,20000,4,990339105,331,12000,0,0,0,0,7,0,70.0,90,"(11, 5)",442.2159276154482,True,False,1,9740,9740,2671,313,,,,,,,,
v0_10,10.0,20000,5,609732474,331,12000,0,0,0,0,7,0,70.0,79,"(16, 3)",583.1700992679808,True,False,1,6492,6492,2446,136,,,,,,,,
v0_10,10.0,20000,6,129786956,331,12000,0,0,0,0,6,2,80.0,43,"(3, 3)",1159.117858996963,True,False,2,8882,13843,1462,185,,,,,,,,
v0_10,10.0,20000,7,1896663973,331,12000,0,0,0,0,7,0,70.0,101,"(3, 3)",145.0712994772544,True,False,0,,,2727,5242,,,,,,,,
v0_10,10.0,20000,8,1416718455,331,12000,0,0,0,0,7,0,70.0,84,"(9, 10)",545.365566254128,True,False,2,1089,5294,1152,48,,,,,,,,
v0_10,10.0,20000,9,1036111824,331,12000,0,0,0,0,2,0,20.0,64,"(16, 3)",793.1422967893723,True,True,0,,,824,114,,,,,,,,
v0_11_2,0.1,20000,0,57270932,331,12000,0,0,0,0,12,0,1.2,83,"(3, 3)",0.0,True,False,4,1883,9475,2215,1410,3,838,1658,"(4, 15)","(4, 15)|(9, 10)|(15, 16)",1057,100,0
v0_11_2,0.1,20000,1,1824147949,331,12000,0,0,0,0,6,0,0.6,91,"(3, 3)",0.0,True,False,2,1589,1590,2532,4283,5,346,5468,"(4, 15)","(4, 15)|(16, 3)|(15, 16)|(11, 5)|(9, 10)",630,1,0
v0_11_2,0.1,20000,2,1443541318,331,12000,0,0,0,0,6,0,0.6,61,"(3, 3)",0.0,True,False,2,3303,3304,6926,5797,3,398,3290,"(4, 15)","(4, 15)|(9, 10)|(15, 16)",910,10,0
v0_11_2,0.1,20000,3,963595800,331,12000,0,0,0,0,5,0,0.5,75,"(3, 3)",0.0,True,False,1,3411,3411,2849,7376,5,388,15167,"(4, 15)","(4, 15)|(9, 10)|(16, 3)|(3, 3)|(11, 5)",1045,42,0
v0_11_2,0.1,20000,4,582989169,331,12000,0,0,0,0,7,3,0.9999999999999999,117,"(3, 3)",0.0,False,False,2,1530,13377,1512,970,6,338,12884,"(4, 15)","(4, 15)|(3, 3)|(9, 10)|(11, 5)|(16, 3)|(15, 16)",1066,170,0
v0_11_2,0.1,20000,5,103043651,331,12000,0,0,0,0,12,0,1.2,98,"(3, 3)",0.0,True,False,4,4467,11718,3623,3148,5,600,19783,"(4, 15)","(4, 15)|(3, 3)|(9, 10)|(16, 3)|(11, 5)",284,160,0
v0_11_2,0.1,20000,6,1869920668,331,12000,0,0,0,0,9,0,0.8999999999999999,100,"(3, 3)",0.0,True,False,3,649,7750,1708,665,6,656,9544,"(9, 10)","(9, 10)|(15, 16)|(3, 3)|(11, 5)|(16, 3)|(4, 15)",3830,2449,0
v0_11_2,0.1,20000,7,1389975150,331,12000,0,0,0,0,4,2,0.6,65,"(3, 3)",0.0,True,False,1,1580,1580,3882,27,3,338,1621,"(4, 15)","(4, 15)|(9, 10)|(3, 3)",1656,623,0
v0_11_2,0.1,20000,8,1009368519,331,12000,0,0,0,0,8,0,0.7999999999999999,95,"(3, 3)",0.0,True,False,2,8381,8382,689,480,5,430,8636,"(4, 15)","(4, 15)|(9, 10)|(11, 5)|(16, 3)|(15, 16)",662,277,0
v0_11_2,0.1,20000,9,628761888,331,12000,0,0,0,0,9,0,0.8999999999999999,96,"(3, 3)",0.0,True,False,3,7669,8279,2243,912,5,342,5050,"(4, 15)","(4, 15)|(3, 3)|(16, 3)|(11, 5)|(9, 10)",1559,743,0
v0_11_2,0.5,20000,0,1998205159,331,12000,0,0,0,0,6,2,4.0,89,"(9, 10)",0.15,True,False,2,11407,12213,2548,3438,3,850,12858,"(4, 15)","(4, 15)|(11, 5)|(16, 3)",574,76,1
v0_11_2,0.5,20000,1,1518259641,331,12000,0,0,0,0,7,0,3.5,61,"(3, 3)",0.0,True,False,2,1927,5433,3257,264,3,380,2010,"(4, 15)","(4, 15)|(9, 10)|(15, 16)",1624,145,0
v0_11_2,0.5,20000,2,1137653010,331,12000,0,0,0,0,0,0,0.0,88,"(3, 3)",0.0,True,True,0,,,3482,658,5,358,8494,"(4, 15)","(4, 15)|(15, 16)|(9, 10)|(11, 5)|(16, 3)",1382,180,0
v0_11_2,0.5,20000,3,657707492,331,12000,0,0,0,0,5,0,2.5,90,"(3, 3)",0.0,True,False,1,1914,1914,994,29,6,396,7550,"(4, 15)","(4, 15)|(9, 10)|(15, 16)|(11, 5)|(3, 3)|(16, 3)",1706,993,0
v0_11_2,0.5,20000,4,277100861,331,12000,0,0,0,0,3,0,1.5,98,"(3, 3)",0.0,True,False,0,,,400,366,6,624,12096,"(4, 15)","(4, 15)|(11, 5)|(15, 16)|(3, 3)|(9, 10)|(16, 3)",1290,351,0
v0_11_2,0.5,20000,5,1944638991,331,12000,0,0,0,0,5,1,3.0,79,"(15, 16)",0.15,True,False,0,,,4273,2508,4,374,1580,"(4, 15)","(4, 15)|(9, 10)|(11, 5)|(16, 3)",774,172,1
v0_11_2,0.5,20000,6,1564032360,331,12000,0,0,0,0,3,0,1.5,78,"(3, 3)",0.0,True,False,0,,,2283,2460,5,342,4269,"(4, 15)","(4, 15)|(9, 10)|(15, 16)|(16, 3)|(11, 5)",1546,221,0
v0_11_2,0.5,20000,7,1183425729,331,12000,0,0,0,0,12,0,6.0,70,"(3, 3)",0.0,True,False,4,2227,11316,2252,128,3,1191,2321,"(11, 5)","(11, 5)|(9, 10)|(3, 3)",1083,33,0
v0_11_2,0.5,20000,8,703480211,331,12000,0,0,0,0,1,0,0.5,66,"(3, 3)",0.0,True,True,0,,,2619,368,4,656,3666,"(4, 15)","(4, 15)|(9, 10)|(11, 5)|(15, 16)",1377,145,0
v0_11_2,0.5,20000,9,322873580,331,12000,0,0,0,0,6,0,3.0,88,"(3, 3)",0.0,True,False,0,,,3507,52,4,340,3910,"(4, 15)","(4, 15)|(11, 5)|(9, 10)|(16, 3)",2831,1653,0
v0_11_2,1.0,20000,0,1646092181,331,12000,0,0,0,0,5,0,5.0,96,"(3, 3)",0.0,True,False,1,8510,8510,5374,877,5,446,8773,"(4, 15)","(4, 15)|(9, 10)|(15, 16)|(16, 3)|(11, 5)",1869,1114,0
v0_11_2,1.0,20000,1,1265485550,331,12000,0,0,0,0,2,6,8.0,104,"(3, 3)",0.0,False,False,1,18571,18571,6096,1604,6,610,5841,"(4, 15)","(4, 15)|(15, 16)|(16, 3)|(9, 10)|(11, 5)|(3, 3)",530,67,0
v0_11_2,1.0,20000,2,884878919,331,12000,0,0,0,0,3,0,3.0,80,"(3, 3)",0.0,True,False,1,4936,4936,2161,3592,4,1012,9881,"(4, 15)","(4, 15)|(9, 10)|(16, 3)|(11, 5)",1167,44,0
v0_11_2,1.0,20000,3,404933401,331,12000,0,0,0,0,6,0,6.0,87,"(3, 3)",0.0,True,False,1,4227,4227,1456,648,5,350,2251,"(4, 15)","(4, 15)|(9, 10)|(11, 5)|(16, 3)|(3, 3)",844,15,0
v0_11_2,1.0,20000,4,24326770,331,12000,0,0,0,0,11,0,11.0,89,"(3, 3)",0.0,True,False,3,913,9673,1092,328,4,410,5984,"(4, 15)","(4, 15)|(9, 10)|(11, 5)|(15, 16)",550,121,0
v0_11_2,1.0,20000,5,1691864900,331,12000,0,0,0,0,8,0,8.0,99,"(3, 3)",0.0,True,False,2,6819,6837,4427,2747,6,508,9085,"(4, 15)","(4, 15)|(9, 10)|(15, 16)|(11, 5)|(16, 3)|(3, 3)",385,0,0
v0_11_2,1.0,20000,6,1311258269,331,12000,0,0,0,0,2,3,5.0,93,"(3, 3)",0.0,False,False,1,15993,15993,2718,452,5,1078,8708,"(4, 15)","(4, 15)|(15, 16)|(11, 5)|(16, 3)|(9, 10)",957,343,0
v0_11_2,1.0,20000,7,831312751,331,12000,0,0,0,0,8,0,8.0,97,"(3, 3)",0.0,True,False,2,878,8270,2939,3609,6,628,15715,"(4, 15)","(4, 15)|(15, 16)|(9, 10)|(11, 5)|(16, 3)|(3, 3)",508,155,0
v0_11_2,1.0,20000,8,450706120,331,12000,0,0,0,0,8,0,8.0,70,"(3, 3)",0.0,True,False,2,5040,5615,3901,1471,3,418,9982,"(4, 15)","(4, 15)|(3, 3)|(16, 3)",855,166,0
v0_11_2,1.0,20000,9,70099489,331,12000,0,0,0,0,14,0,14.0,99,"(3, 3)",0.0,True,False,4,688,3962,3178,202,6,406,6258,"(4, 15)","(4, 15)|(11, 5)|(3, 3)|(9, 10)|(15, 16)|(16, 3)",2667,1425,0
v0_11_2,2.0,20000,0,1031269394,331,12000,0,0,0,0,9,0,18.0,72,"(3, 3)",0.0,True,False,3,2045,3063,3077,6582,4,466,12455,"(4, 15)","(4, 15)|(3, 3)|(9, 10)|(11, 5)",705,103,0
v0_11_2,2.0,20000,1,551323876,331,12000,0,0,0,0,4,0,8.0,76,"(3, 3)",0.0,True,False,0,,,2380,3408,5,590,3331,"(4, 15)","(4, 15)|(9, 10)|(11, 5)|(16, 3)|(3, 3)",1709,560,0
v0_11_2,2.0,20000,2,170717245,331,12000,0,0,0,0,7,0,14.0,109,"(3, 3)",0.0,True,False,2,3887,8396,4151,517,5,430,6720,"(4, 15)","(4, 15)|(15, 16)|(9, 10)|(11, 5)|(16, 3)",837,133,0
v0_11_2,2.0,20000,3,1838255375,331,12000,0,0,0,0,0,1,2.0,92,"(3, 3)",0.0,True,True,0,,,4125,597,5,376,7081,"(4, 15)","(4, 15)|(9, 10)|(16, 3)|(11, 5)|(3, 3)",1881,954,0
v0_11_2,2.0,20000,4,1457648744,331,12000,0,0,0,0,5,0,10.0,82,"(3, 3)",0.0,True,False,1,10033,10033,1947,400,5,338,5206,"(4, 15)","(4, 15)|(15, 16)|(16, 3)|(11, 5)|(9, 10)",641,8,0
v0_11_2,2.0,20000,5,977703226,331,12000,0,0,0,0,9,4,26.0,119,"(3, 3)",0.0,False,False,4,1405,14741,2118,619,6,344,11868,"(4, 15)","(4, 15)|(11, 5)|(15, 16)|(3, 3)|(9, 10)|(16, 3)",305,30,0
v0_11_2,2.0,20000,6,597096595,331,12000,0,0,0,0,0,0,0.0,69,"(3, 3)",0.0,True,True,0,,,6191,3022,1,638,638,"(4, 15)","(4, 15)",255,83,0
v0_11_2,2.0,20000,7,216489964,331,12000,0,0,0,0,11,0,22.0,100,"(3, 3)",0.0,True,False,3,5688,7880,2752,516,6,362,18625,"(4, 15)","(4, 15)|(9, 10)|(3, 3)|(15, 16)|(16, 3)|(11, 5)",1173,781,0
v0_11_2,2.0,20000,8,1884028094,331,12000,0,0,0,0,2,0,4.0,99,"(3, 3)",0.0,True,True,0,,,3524,3871,5,340,9325,"(4, 15)","(4, 15)|(9, 10)|(15, 16)|(16, 3)|(11, 5)",753,80,0
v0_11_2,2.0,20000,9,1503421463,331,12000,0,0,0,0,2,1,6.0,63,"(3, 3)",0.0,True,False,1,19018,19018,3614,4962,2,358,3273,"(4, 15)","(4, 15)|(3, 3)",1202,6,0
v0_11_2,5.0,20000,0,2101982337,331,12000,0,0,0,0,3,0,15.0,104,"(3, 3)",0.0,True,False,1,4961,4961,2341,2972,6,672,14087,"(4, 15)","(4, 15)|(9, 10)|(16, 3)|(11, 5)|(15, 16)|(3, 3)",739,312,0
v0_11_2,5.0,20000,1,1721375706,331,12000,0,0,0,0,4,0,20.0,58,"(3, 3)",0.0,True,False,1,8680,8680,3019,122,2,1098,1533,"(4, 15)","(4, 15)|(3, 3)",1317,556,0
v0_11_2,5.0,20000,2,1241430188,331,12000,0,0,0,0,0,0,0.0,91,"(3, 3)",0.0,True,True,0,,,4013,2450,5,442,14616,"(4, 15)","(4, 15)|(3, 3)|(11, 5)|(9, 10)|(16, 3)",906,350,0
v0_11_2,5.0,20000,3,860823557,331,12000,0,0,0,0,6,0,30.0,76,"(3, 3)",0.0,True,False,2,11163,11570,4442,66,5,340,4882,"(4, 15)","(4, 15)|(9, 10)|(11, 5)|(3, 3)|(15, 16)",665,106,0
v0_11_2,5.0,20000,4,380878039,331,12000,0,0,0,0,1,2,15.0,90,"(3, 3)",0.0,True,False,0,,,3512,214,5,338,17517,"(4, 15)","(4, 15)|(9, 10)|(11, 5)|(16, 3)|(3, 3)",1619,829,0
v0_11_2,5.0,20000,5,271408,331,12000,0,0,0,0,12,1,65.0,86,"(3, 3)",0.0,True,False,3,1970,14027,4190,3545,3,542,4075,"(4, 15)","(4, 15)|(9, 10)|(11, 5)",328,106,0
v0_11_2,5.0,20000,6,1667809538,331,12000,0,0,0,0,3,0,15.0,66,"(3, 3)",0.0,True,False,0,,,4742,133,2,1024,4136,"(4, 15)","(4, 15)|(15, 16)",775,184,0
v0_11_2,5.0,20000,7,1287202907,331,12000,0,0,0,0,7,0,35.0,86,"(3, 3)",0.0,True,False,1,2979,2979,2444,526,5,362,16944,"(4, 15)","(4, 15)|(9, 10)|(3, 3)|(11, 5)|(16, 3)",1238,377,0
v0_11_2,5.0,20000,8,906596276,331,12000,0,0,0,0,11,0,55.0,91,"(3, 3)",0.0,True,False,3,2389,6000,2869,700,5,338,10100,"(4, 15)","(4, 15)|(11, 5)|(9, 10)|(3, 3)|(16, 3)",2034,1237,0
v0_11_2,5.0,20000,9,426650758,331,12000,0,0,0,0,8,0,40.0,89,"(3, 3)",0.0,True,False,1,631,631,1577,64,5,562,9966,"(15, 16)","(15, 16)|(9, 10)|(3, 3)|(11, 5)|(4, 15)",549,89,0
v0_11_2,10.0,20000,0,1814176055,331,12000,0,0,0,0,4,0,40.0,81,"(3, 3)",0.0,True,False,1,5720,5720,2816,3473,5,372,7537,"(4, 15)","(4, 15)|(9, 10)|(15, 16)|(3, 3)|(11, 5)",478,0,0
v0_11_2,10.0,20000,1,1433569424,331,12000,0,0,0,0,9,0,90.0,101,"(3, 3)",0.0,True,False,2,5401,10286,3710,4886,5,338,12310,"(4, 15)","(4, 15)|(9, 10)|(11, 5)|(15, 16)|(16, 3)",871,29,0
v0_11_2,10.0,20000,2,953623906,331,12000,0,0,0,0,2,2,40.0,96,"(3, 3)",0.0,True,False,1,16323,16323,1432,417,5,366,9142,"(4, 15)","(4, 15)|(3, 3)|(11, 5)|(16, 3)|(9, 10)",996,66,0
v0_11_2,10.0,20000,3,573017275,331,12000,0,0,0,0,6,0,60.0,63,"(3, 3)",0.0,True,False,2,3954,4895,4712,7167,5,356,6105,"(4, 15)","(4, 15)|(9, 10)|(15, 16)|(16, 3)|(11, 5)",542,73,0
v0_11_2,10.0,20000,4,93071757,331,12000,0,0,0,0,6,0,60.0,98,"(3, 3)",0.0,True,False,1,2193,2193,2182,1988,5,1590,4708,"(4, 15)","(4, 15)|(9, 10)|(3, 3)|(11, 5)|(16, 3)",1592,414,0
v0_11_2,10.0,20000,5,1859948774,331,12000,0,0,0,0,8,1,90.0,105,"(3, 3)",0.0,True,False,3,10666,13355,4389,1232,6,402,9954,"(15, 16)","(15, 16)|(16, 3)|(3, 3)|(11, 5)|(4, 15)|(9, 10)",1411,549,0
v0_11_2,10.0,20000,6,1380003256,331,12000,0,0,0,0,13,0,130.0,95,"(11, 5)",0.15,True,False,3,4678,9773,1756,2511,5,360,12577,"(4, 15)","(4, 15)|(15, 16)|(16, 3)|(9, 10)|(3, 3)",417,57,1
v0_11_2,10.0,20000,7,999396625,331,12000,0,0,0,0,7,0,70.0,82,"(3, 3)",0.0,True,False,2,5261,5903,1109,1612,4,382,12272,"(4, 15)","(4, 15)|(9, 10)|(3, 3)|(16, 3)",672,436,0
v0_11_2,10.0,20000,8,618789994,331,12000,0,0,0,0,2,3,50.0,92,"(3, 3)",0.0,False,False,1,13307,13307,5510,2207,5,340,16828,"(4, 15)","(4, 15)|(15, 16)|(11, 5)|(3, 3)|(9, 10)",482,139,0
v0_11_2,10.0,20000,9,138844476,331,12000,0,0,0,0,4,0,40.0,80,"(3, 3)",0.0,True,False,1,11354,11354,965,198,6,352,7851,"(4, 15)","(4, 15)|(15, 16)|(9, 10)|(11, 5)|(16, 3)|(3, 3)",1439,681,0
v0_10,0.1,80000,0,989491983,331,48000,0,0,0,0,6,1,0.7,145,"(11, 5)",4129.719662035863,True,False,2,16256,16257,3387,307,,,,,,,,
v0_10,0.1,80000,1,509546465,331,48000,0,0,0,0,10,0,0.9999999999999999,162,"(16, 3)",3628.9983515130616,True,False,3,3142,28516,6861,85,,,,,,,,
v0_10,0.1,80000,2,128939834,331,48000,0,0,0,0,7,2,0.8999999999999999,164,"(9, 10)",2280.940085848893,True,False,2,14223,19363,4003,1902,,,,,,,,
v0_10,0.1,80000,3,1895816851,331,48000,0,0,0,0,8,0,0.7999999999999999,106,"(11, 5)",4421.768385535066,True,False,2,3730,3731,3455,77,,,,,,,,
v0_10,0.1,80000,4,1415871333,331,48000,0,0,0,0,7,1,0.7999999999999999,180,"(4, 15)",2308.7888607930754,True,False,2,15707,70594,7099,3241,,,,,,,,
v0_10,0.1,80000,5,1035264702,331,48000,0,0,0,0,6,0,0.6,76,"(15, 16)",4960.12712044983,True,False,2,2516,7925,2714,467,,,,,,,,
v0_10,0.1,80000,6,555319184,331,48000,0,0,0,0,5,2,0.7,183,"(4, 15)",1141.6090240493459,True,False,1,75749,75749,6789,1018,,,,,,,,
v0_10,0.1,80000,7,174712553,331,48000,0,0,0,0,14,0,1.4000000000000001,188,"(16, 3)",2212.1148062817856,True,False,4,2120,39692,5311,824,,,,,,,,
v0_10,0.1,80000,8,1842250683,331,48000,0,0,0,0,15,0,1.5000000000000002,220,"(9, 10)",531.523519613101,True,False,5,27972,41560,9098,126,,,,,,,,
v0_10,0.1,80000,9,1461644052,331,48000,0,0,0,0,2,0,0.2,80,"(4, 15)",4982.927963274852,True,True,0,,,2400,690,,,,,,,,
v0_10,0.5,80000,0,1536542538,331,48000,0,0,0,0,6,1,3.5,73,"(15, 16)",4903.275655163866,True,False,2,7227,48308,5971,566,,,,,,,,
v0_10,0.5,80000,1,1056597020,331,48000,0,0,0,0,7,0,3.5,161,"(16, 3)",1411.3313511662686,True,False,2,36390,41283,4670,11097,,,,,,,,
v0_10,0.5,80000,2,675990389,331,48000,0,0,0,0,12,0,6.0,182,"(11, 5)",3211.667790325067,True,False,2,9159,32699,5561,165,,,,,,,,
v0_10,0.5,80000,3,295383758,331,48000,0,0,0,0,10,0,5.0,189,"(4, 15)",3155.966964980879,True,False,3,14353,26761,7302,43,,,,,,,,
v0_10,0.5,80000,4,1962921888,331,48000,0,0,0,0,6,0,3.0,112,"(15, 16)",3325.363095788051,True,False,2,4728,8153,4620,674,,,,,,,,
v0_10,0.5,80000,5,1582315257,331,48000,0,0,0,0,11,0,5.5,156,"(4, 15)",3457.4072484145427,True,False,3,3831,32825,2666,1523,,,,,,,,
v0_10,0.5,80000,6,1102369739,331,48000,0,0,0,0,2,0,1.0,107,"(3, 3)",3780.953132310396,True,True,0,,,1775,850,,,,,,,,
v0_10,0.5,80000,7,721763108,331,48000,0,0,0,0,14,0,7.0,177,"(16, 3)",3262.9725478112,True,False,4,2290,16555,9228,647,,,,,,,,
v0_10,0.5,80000,8,241817590,331,48000,0,0,0,0,5,1,3.0,58,"(15, 16)",5271.3810359909185,True,False,2,8071,79060,2065,716,,,,,,,,
v0_10,0.5,80000,9,2008694607,331,48000,0,0,0,0,7,0,3.5,125,"(4, 15)",2566.837043871242,True,False,1,42859,42859,2831,165,,,,,,,,
v0_10,1.0,80000,0,1283768447,331,48000,0,0,0,0,5,4,9.0,175,"(4, 15)",3235.1051032668415,False,False,2,20156,64216,4774,945,,,,,,,,
v0_10,1.0,80000,1,803822929,331,48000,0,0,0,0,6,0,6.0,74,"(15, 16)",5024.6278548581395,True,False,1,46489,46489,2398,883,,,,,,,,
v0_10,1.0,80000,2,423216298,331,48000,0,0,0,0,1,0,1.0,222,"(11, 5)",1200.6651679247036,True,True,0,,,10260,2036,,,,,,,,
v0_10,1.0,80000,3,2090754428,331,48000,0,0,0,0,11,0,11.0,195,"(15, 16)",1655.08705790694,True,False,3,1926,25489,9483,9313,,,,,,,,
v0_10,1.0,80000,4,1710147797,331,48000,0,0,0,0,5,0,5.0,113,"(16, 3)",4588.722152774119,True,False,1,12411,12411,3271,219,,,,,,,,
v0_10,1.0,80000,5,1329541166,331,48000,0,0,0,0,9,0,9.0,118,"(16, 3)",4221.3619957519795,True,False,2,11767,14920,2743,567,,,,,,,,
v0_10,1.0,80000,6,849595648,331,48000,0,0,0,0,2,0,2.0,82,"(9, 10)",4944.377719677513,True,True,0,,,504,54,,,,,,,,
v0_10,1.0,80000,7,468989017,331,48000,0,0,0,0,10,0,10.0,139,"(15, 16)",3925.108721696994,True,False,3,2148,13547,4947,291,,,,,,,,
v0_10,1.0,80000,8,2136527147,331,48000,0,0,0,0,0,0,0.0,80,"(16, 3)",4807.425838147625,True,True,0,,,3542,527,,,,,,,,
v0_10,1.0,80000,9,1755920516,331,48000,0,0,0,0,12,0,12.0,143,"(4, 15)",3894.957981822134,True,False,3,9775,17922,4551,58,,,,,,,,
v0_10,2.0,80000,0,1864151558,331,48000,0,0,0,0,12,0,24.0,143,"(4, 15)",3967.11133270487,True,False,3,3936,10258,4320,60,,,,,,,,
v0_10,2.0,80000,1,1483544927,331,48000,0,0,0,0,9,1,20.0,169,"(9, 10)",3321.6531829043793,True,False,3,1659,52479,4441,1802,,,,,,,,
v0_10,2.0,80000,2,1003599409,331,48000,0,0,0,0,4,0,8.0,120,"(3, 3)",4213.265873387666,True,False,0,,,4601,863,,,,,,,,
v0_10,2.0,80000,3,622992778,331,48000,0,0,0,0,13,0,26.0,166,"(15, 16)",3309.031867181051,True,False,4,4243,9248,7149,228,,,,,,,,
v0_10,2.0,80000,4,143047260,331,48000,0,0,0,0,9,0,18.0,123,"(4, 15)",1771.2329677659447,True,False,2,40610,40663,757,353,,,,,,,,
v0_10,2.0,80000,5,1909924277,331,48000,0,0,0,0,12,0,24.0,172,"(15, 16)",2540.6603217190295,True,False,3,6476,20312,9253,229,,,,,,,,
v0_10,2.0,80000,6,1429978759,331,48000,0,0,0,0,5,0,10.0,88,"(4, 15)",4839.976532081763,True,False,0,,,1698,42,,,,,,,,
v0_10,2.0,80000,7,1049372128,331,48000,0,0,0,0,4,0,8.0,138,"(16, 3)",2704.797360009355,True,False,1,14347,14347,1809,191,,,,,,,,
v0_10,2.0,80000,8,668765497,331,48000,0,0,0,0,3,2,10.0,203,"(11, 5)",2520.0353191720396,True,False,0,,,7062,764,,,,,,,,
v0_10,2.0,80000,9,188819979,331,48000,0,0,0,0,5,0,10.0,70,"(3, 3)",5217.229176868522,True,False,1,2246,2246,1192,98,,,,,,,,
v0_10,5.0,80000,0,1640319716,331,48000,0,0,0,0,5,0,25.0,92,"(16, 3)",4683.973653914304,True,False,1,1720,1720,2872,516,,,,,,,,
v0_10,5.0,80000,1,1259713085,331,48000,0,0,0,0,6,0,30.0,142,"(3, 3)",2973.294107383494,True,False,1,10928,10928,1931,512,,,,,,,,
v0_10,5.0,80000,2,779767567,331,48000,0,0,0,0,14,0,70.0,216,"(11, 5)",2516.00793273542,True,False,4,869,20543,4620,158,,,,,,,,
v0_10,5.0,80000,3,399160936,331,48000,0,0,0,0,9,0,45.0,120,"(4, 15)",4031.311817667827,True,False,2,1669,3878,3386,276,,,,,,,,
v0_10,5.0,80000,4,18554305,331,48000,0,0,0,0,9,1,50.0,167,"(3, 3)",1861.8370776915244,True,False,3,15535,25568,4754,6530,,,,,,,,
v0_10,5.0,80000,5,1686092435,331,48000,0,0,0,0,6,0,30.0,143,"(15, 16)",2112.646969870116,True,False,2,5885,6518,5735,15326,,,,,,,,
v0_10,5.0,80000,6,1305485804,331,48000,0,0,0,0,6,0,30.0,135,"(3, 3)",3957.212942691533,True,False,1,35865,35865,4430,514,,,,,,,,
v0_10,5.0,80000,7,825540286,331,48000,0,0,0,0,3,1,20.0,123,"(15, 16)",2733.4116621941835,True,False,1,44433,44433,4019,103,,,,,,,,
v0_10,5.0,80000,8,444933655,331,48000,0,0,0,0,6,0,30.0,97,"(9, 10)",2810.464360182696,True,False,1,20930,20930,1150,4419,,,,,,,,
v0_10,5.0,80000,9,2112471785,331,48000,0,0,0,0,11,0,55.0,239,"(16, 3)",2125.734024454323,True,False,3,2999,16901,7809,399,,,,,,,,
v0_10,10.0,80000,0,1352513434,331,48000,0,0,0,0,0,0,0.0,71,"(16, 3)",4931.476583248488,True,True,0,,,1775,551,,,,,,,,
v0_10,10.0,80000,1,971906803,331,48000,0,0,0,0,8,0,80.0,169,"(11, 5)",3460.396082604298,True,False,2,5766,9007,5640,156,,,,,,,,
v0_10,10.0,80000,2,491961285,331,48000,0,0,0,0,10,0,100.0,130,"(11, 5)",3752.613723730224,True,False,2,11139,41779,2479,122,,,,,,,,
v0_10,10.0,80000,3,111354654,331,48000,0,0,0,0,11,0,110.0,225,"(15, 16)",2020.7033606866055,True,False,3,2462,41055,7068,1300,,,,,,,,
v0_10,10.0,80000,4,1878231671,331,48000,0,0,0,0,6,0,60.0,189,"(11, 5)",1851.6471043591014,True,False,1,34150,34150,3627,422,,,,,,,,
v0_10,10.0,80000,5,1398286153,331,48000,0,0,0,0,7,0,70.0,111,"(4, 15)",4408.117075447737,True,False,1,2359,2359,3232,51,,,,,,,,
v0_10,10.0,80000,6,1017679522,331,48000,0,0,0,0,4,0,40.0,127,"(11, 5)",2661.1395457898275,True,False,1,2787,2787,5161,210,,,,,,,,
v0_10,10.0,80000,7,537734004,331,48000,0,0,0,0,0,0,0.0,78,"(3, 3)",4859.77493738972,True,True,0,,,1991,181,,,,,,,,
v0_10,10.0,80000,8,157127373,331,48000,0,0,0,0,11,1,120.0,160,"(4, 15)",3112.1132119875642,True,False,4,2751,58260,4261,819,,,,,,,,
v0_10,10.0,80000,9,1824665503,331,48000,0,0,0,0,0,0,0.0,90,"(11, 5)",2879.015263707578,True,True,0,,,1960,246,,,,,,,,
v0_11_2,0.1,80000,0,945163498,331,48000,0,0,0,0,15,0,1.5000000000000002,253,"(3, 3)",0.0,True,False,5,2266,23836,8239,838,6,378,7082,"(4, 15)","(4, 15)|(9, 10)|(15, 16)|(11, 5)|(3, 3)|(16, 3)",1289,28,0
v0_11_2,0.1,80000,1,564556867,331,48000,0,0,0,0,6,0,0.6,264,"(3, 3)",0.0,True,False,2,8677,8678,12682,1853,6,1194,31539,"(4, 15)","(4, 15)|(15, 16)|(11, 5)|(16, 3)|(9, 10)|(3, 3)",2362,246,0
v0_11_2,0.1,80000,2,84611349,331,48000,0,0,0,0,14,0,1.4000000000000001,240,"(3, 3)",0.0,True,False,4,9763,21795,12610,8194,5,958,35719,"(4, 15)","(4, 15)|(3, 3)|(9, 10)|(15, 16)|(11, 5)",5892,1248,0
v0_11_2,0.1,80000,3,1851488366,331,48000,0,0,0,0,12,0,1.2,227,"(3, 3)",0.0,True,False,4,1171,27006,11308,4955,5,811,13078,"(3, 3)","(3, 3)|(4, 15)|(11, 5)|(9, 10)|(15, 16)",1851,74,0
v0_11_2,0.1,80000,4,1371542848,331,48000,0,0,0,0,12,1,1.3,266,"(3, 3)",0.0,True,False,4,2171,46316,8885,9074,6,1712,46196,"(4, 15)","(4, 15)|(9, 10)|(3, 3)|(11, 5)|(16, 3)|(15, 16)",2213,184,0
v0_11_2,0.1,80000,5,990936217,331,48000,0,0,0,0,1,0,0.1,210,"(3, 3)",0.0,True,True,0,,,14436,2889,5,342,25187,"(4, 15)","(4, 15)|(9, 10)|(11, 5)|(16, 3)|(3, 3)",2531,581,0
v0_11_2,0.1,80000,6,510990699,331,48000,0,0,0,0,13,1,1.4000000000000001,271,"(3, 3)",0.0,True,False,4,625,64235,11472,3096,6,570,50105,"(9, 10)","(9, 10)|(11, 5)|(15, 16)|(16, 3)|(4, 15)|(3, 3)",4322,1482,0
v0_11_2,0.1,80000,7,130384068,331,48000,0,0,0,0,12,0,1.2,221,"(3, 3)",0.0,True,False,4,1333,43369,21506,920,6,534,7514,"(4, 15)","(4, 15)|(15, 16)|(16, 3)|(11, 5)|(3, 3)|(9, 10)",1278,106,0
v0_11_2,0.1,80000,8,1897261085,331,48000,0,0,0,0,8,2,0.9999999999999999,221,"(3, 3)",0.0,True,False,3,43441,74843,3769,72,4,406,7526,"(4, 15)","(4, 15)|(9, 10)|(11, 5)|(16, 3)",2584,125,0
v0_11_2,0.1,80000,9,1417315567,331,48000,0,0,0,0,15,0,1.5000000000000002,259,"(3, 3)",0.0,True,False,5,1223,44493,7793,1024,6,819,43436,"(3, 3)","(3, 3)|(11, 5)|(16, 3)|(9, 10)|(4, 15)|(15, 16)",2725,315,0
v0_11_2,0.5,80000,0,1444596040,331,48000,0,0,0,0,4,0,2.0,191,"(3, 3)",0.0,True,False,1,18569,18569,9386,2415,3,402,11420,"(4, 15)","(4, 15)|(11, 5)|(9, 10)",2680,643,0
v0_11_2,0.5,80000,1,1063989409,331,48000,0,0,0,0,4,0,2.0,198,"(3, 3)",0.0,True,False,1,7053,7053,7838,9978,2,600,1764,"(4, 15)","(4, 15)|(9, 10)",1906,1,0
v0_11_2,0.5,80000,2,683382778,331,48000,0,0,0,0,13,2,7.5,270,"(3, 3)",0.0,True,False,5,2185,49803,10752,8887,6,432,54846,"(4, 15)","(4, 15)|(15, 16)|(3, 3)|(11, 5)|(9, 10)|(16, 3)",3404,1984,0
v0_11_2,0.5,80000,3,203437260,331,48000,0,0,0,0,9,0,4.5,257,"(3, 3)",0.0,True,False,3,24197,43211,9958,9946,5,532,8206,"(4, 15)","(4, 15)|(9, 10)|(11, 5)|(16, 3)|(15, 16)",2514,191,0
v0_11_2,0.5,80000,4,1970314277,331,48000,0,0,0,0,8,3,5.5,246,"(3, 3)",0.0,False,False,3,4170,60723,9763,8538,4,790,48582,"(4, 15)","(4, 15)|(3, 3)|(9, 10)|(15, 16)",4384,3287,0
v0_11_2,0.5,80000,5,1490368759,331,48000,0,0,0,0,7,3,5.0,224,"(3, 3)",0.0,False,False,2,6838,52263,14376,5038,4,392,31580,"(4, 15)","(4, 15)|(3, 3)|(9, 10)|(15, 16)",1513,24,0
v0_11_2,0.5,80000,6,1109762128,331,48000,0,0,0,0,9,1,5.0,248,"(3, 3)",0.0,True,False,3,37187,48830,10001,1808,6,382,34008,"(4, 15)","(4, 15)|(3, 3)|(11, 5)|(16, 3)|(15, 16)|(9, 10)",2802,132,0
v0_11_2,0.5,80000,7,629816610,331,48000,0,0,0,0,10,0,5.0,242,"(3, 3)",0.0,True,False,3,9956,34569,6587,10144,6,564,6875,"(4, 15)","(4, 15)|(15, 16)|(9, 10)|(11, 5)|(16, 3)|(3, 3)",4041,898,0
v0_11_2,0.5,80000,8,249209979,331,48000,0,0,0,0,6,0,3.0,226,"(3, 3)",0.0,True,False,2,10836,18715,12081,4133,5,814,7802,"(4, 15)","(4, 15)|(15, 16)|(9, 10)|(11, 5)|(16, 3)",1990,5,0
v0_11_2,0.5,80000,9,2016086996,331,48000,0,0,0,0,13,0,6.5,273,"(3, 3)",0.0,True,False,4,12619,14204,9317,781,6,362,21455,"(4, 15)","(4, 15)|(15, 16)|(9, 10)|(3, 3)|(16, 3)|(11, 5)",3181,658,0
v0_11_2,1.0,80000,0,1191821949,331,48000,0,0,0,0,13,0,13.0,227,"(3, 3)",0.0,True,False,4,8251,36010,15072,10168,6,682,25404,"(9, 10)","(9, 10)|(15, 16)|(16, 3)|(11, 5)|(3, 3)|(4, 15)",1954,226,0
v0_11_2,1.0,80000,1,811215318,331,48000,0,0,0,0,12,1,13.0,263,"(3, 3)",0.0,True,False,4,27749,56571,12612,20736,6,1134,19982,"(4, 15)","(4, 15)|(9, 10)|(3, 3)|(11, 5)|(15, 16)|(16, 3)",3640,75,0
v0_11_2,1.0,80000,2,331269800,331,48000,0,0,0,0,7,0,7.0,212,"(3, 3)",0.0,True,False,2,4835,12394,8959,827,3,442,8904,"(4, 15)","(4, 15)|(9, 10)|(15, 16)",1594,141,0
v0_11_2,1.0,80000,3,2098146817,331,48000,0,0,0,0,14,0,14.0,229,"(3, 3)",0.0,True,False,4,30475,39373,13381,16302,6,506,40125,"(4, 15)","(4, 15)|(11, 5)|(16, 3)|(15, 16)|(9, 10)|(3, 3)",2114,136,0
v0_11_2,1.0,80000,4,1717540186,331,48000,0,0,0,0,13,0,13.0,212,"(3, 3)",0.0,True,False,4,5376,17749,9517,6792,5,1302,13940,"(9, 10)","(9, 10)|(11, 5)|(3, 3)|(15, 16)|(4, 15)",3825,920,0
v0_11_2,1.0,80000,5,1237594668,331,48000,0,0,0,0,12,0,12.0,221,"(3, 3)",0.0,True,False,3,8768,23397,16906,4329,6,350,43106,"(4, 15)","(4, 15)|(3, 3)|(16, 3)|(15, 16)|(11, 5)|(9, 10)",2829,542,0
v0_11_2,1.0,80000,6,856988037,331,48000,0,0,0,0,9,0,9.0,227,"(4, 15)",0.15,True,False,2,1777,4031,8558,4729,5,350,12766,"(9, 10)","(9, 10)|(11, 5)|(15, 16)|(3, 3)|(16, 3)",1786,21,0
v0_11_2,1.0,80000,7,377042519,331,48000,0,0,0,0,13,0,13.0,235,"(3, 3)",0.0,True,False,3,11257,32051,10489,27634,6,708,28973,"(4, 15)","(4, 15)|(11, 5)|(16, 3)|(9, 10)|(15, 16)|(3, 3)",2882,58,0
v0_11_2,1.0,80000,8,2143919536,331,48000,0,0,0,0,3,0,3.0,217,"(3, 3)",0.0,True,False,0,,,13246,397,6,478,22525,"(4, 15)","(4, 15)|(15, 16)|(9, 10)|(11, 5)|(16, 3)|(3, 3)",3258,39,0
v0_11_2,1.0,80000,9,1663974018,331,48000,0,0,0,0,12,0,12.0,262,"(3, 3)",0.0,True,False,3,2117,32847,10819,2941,5,849,46912,"(11, 5)","(11, 5)|(9, 10)|(16, 3)|(15, 16)|(4, 15)",3453,618,0
v0_11_2,2.0,80000,0,966884210,331,48000,0,0,0,0,7,5,24.0,260,"(3, 3)",0.0,False,False,4,909,72067,12060,4084,6,384,19960,"(4, 15)","(4, 15)|(15, 16)|(11, 5)|(16, 3)|(3, 3)|(9, 10)",2335,649,0
v0_11_2,2.0,80000,1,586277579,331,48000,0,0,0,0,8,0,16.0,246,"(3, 3)",0.0,True,False,2,817,10431,15731,11480,5,348,16956,"(4, 15)","(4, 15)|(3, 3)|(9, 10)|(11, 5)|(16, 3)",3218,413,0
v0_11_2,2.0,80000,2,106332061,331,48000,0,0,0,0,13,0,26.0,236,"(3, 3)",0.0,True,False,4,1703,32168,8599,4673,6,444,6731,"(4, 15)","(4, 15)|(15, 16)|(16, 3)|(9, 10)|(11, 5)|(3, 3)",2686,6,0
v0_11_2,2.0,80000,3,1873209078,331,48000,0,0,0,0,12,1,26.0,260,"(3, 3)",0.0,True,False,4,8741,22627,11348,2367,6,396,26290,"(4, 15)","(4, 15)|(15, 16)|(9, 10)|(3, 3)|(11, 5)|(16, 3)",3132,260,0
v0_11_2,2.0,80000,4,1492602447,331,48000,0,0,0,0,11,0,22.0,261,"(3, 3)",0.0,True,False,3,3136,17427,11719,3731,6,366,7587,"(4, 15)","(4, 15)|(15, 16)|(9, 10)|(16, 3)|(11, 5)|(3, 3)",2561,371,0
v0_11_2,2.0,80000,5,1012656929,331,48000,0,0,0,0,15,0,30.0,216,"(3, 3)",0.0,True,False,5,735,26655,8269,1687,4,4404,28955,"(15, 16)","(15, 16)|(9, 10)|(4, 15)|(11, 5)",1513,88,0
v0_11_2,2.0,80000,6,632050298,331,48000,0,0,0,0,8,0,16.0,248,"(3, 3)",0.0,True,False,2,8325,42783,13478,26109,6,624,25684,"(4, 15)","(4, 15)|(3, 3)|(9, 10)|(15, 16)|(11, 5)|(16, 3)",2623,280,0
v0_11_2,2.0,80000,7,152104780,331,48000,0,0,0,0,11,0,22.0,230,"(3, 3)",0.0,True,False,2,11629,46465,7720,14,6,1596,42584,"(9, 10)","(9, 10)|(11, 5)|(16, 3)|(3, 3)|(15, 16)|(4, 15)",1533,108,0
v0_11_2,2.0,80000,8,1918981797,331,48000,0,0,0,0,5,2,14.0,274,"(3, 3)",0.0,True,False,1,29633,29633,10410,3877,6,348,51986,"(4, 15)","(4, 15)|(15, 16)|(11, 5)|(16, 3)|(3, 3)|(9, 10)",4304,2508,0
v0_11_2,2.0,80000,9,1538375166,331,48000,0,0,0,0,9,1,20.0,277,"(3, 3)",0.0,True,False,1,45369,45369,6578,3661,5,434,3854,"(4, 15)","(4, 15)|(3, 3)|(11, 5)|(16, 3)|(9, 10)",2451,27,0
v0_11_2,5.0,80000,0,842391255,331,48000,0,0,0,0,11,0,55.0,231,"(3, 3)",0.0,True,False,3,9772,29261,11331,196,6,440,28964,"(4, 15)","(4, 15)|(9, 10)|(3, 3)|(16, 3)|(11, 5)|(15, 16)",2067,27,0
v0_11_2,5.0,80000,1,362445737,331,48000,0,0,0,0,6,0,30.0,230,"(3, 3)",0.0,True,False,2,7103,12486,7763,934,6,342,28662,"(4, 15)","(4, 15)|(9, 10)|(11, 5)|(3, 3)|(15, 16)|(16, 3)",3948,22,0
v0_11_2,5.0,80000,2,2129322754,331,48000,0,0,0,0,10,0,50.0,218,"(3, 3)",0.0,True,False,3,10969,28277,11221,3647,6,676,29850,"(4, 15)","(4, 15)|(9, 10)|(15, 16)|(3, 3)|(11, 5)|(16, 3)",2655,11,0
v0_11_2,5.0,80000,3,1649377236,331,48000,0,0,0,0,11,2,65.0,269,"(3, 3)",0.0,True,False,3,12957,62349,11388,11183,6,1388,27047,"(4, 15)","(4, 15)|(9, 10)|(15, 16)|(16, 3)|(11, 5)|(3, 3)",1960,153,0
v0_11_2,5.0,80000,4,1268770605,331,48000,0,0,0,0,9,0,45.0,279,"(3, 3)",0.0,True,False,2,7240,16159,7297,12797,6,338,40795,"(4, 15)","(4, 15)|(15, 16)|(11, 5)|(9, 10)|(16, 3)|(3, 3)",3130,1336,0
v0_11_2,5.0,80000,5,788825087,331,48000,0,0,0,0,9,0,45.0,252,"(3, 3)",0.0,True,False,2,23062,23339,10650,1603,6,2674,25978,"(4, 15)","(4, 15)|(15, 16)|(16, 3)|(11, 5)|(3, 3)|(9, 10)",1227,21,0
v0_11_2,5.0,80000,6,408218456,331,48000,0,0,0,0,12,0,60.0,256,"(3, 3)",0.0,True,False,3,709,1536,13457,12215,6,408,11809,"(4, 15)","(4, 15)|(9, 10)|(3, 3)|(15, 16)|(16, 3)|(11, 5)",2013,126,0
v0_11_2,5.0,80000,7,27611825,331,48000,0,0,0,0,11,0,55.0,222,"(3, 3)",0.0,True,False,2,2788,30303,11971,8960,5,5285,28439,"(11, 5)","(11, 5)|(16, 3)|(9, 10)|(15, 16)|(3, 3)",2256,15,0
v0_11_2,5.0,80000,8,1695149955,331,48000,0,0,0,0,8,0,40.0,261,"(3, 3)",0.0,True,False,2,1726,23891,8808,19291,6,340,10948,"(4, 15)","(4, 15)|(15, 16)|(11, 5)|(16, 3)|(3, 3)|(9, 10)",2550,267,0
v0_11_2,5.0,80000,9,1314543324,331,48000,0,0,0,0,5,0,25.0,219,"(3, 3)",0.0,True,False,0,,,4597,399,6,828,6771,"(4, 15)","(4, 15)|(9, 10)|(11, 5)|(16, 3)|(15, 16)|(3, 3)",2264,144,0
v0_11_2,10.0,80000,0,1359905823,331,48000,0,0,0,0,14,0,140.0,276,"(3, 3)",0.0,True,False,4,4898,27613,13228,2094,6,842,6941,"(9, 10)","(9, 10)|(4, 15)|(11, 5)|(16, 3)|(15, 16)|(3, 3)",2522,440,0
v0_11_2,10.0,80000,1,879960305,331,48000,0,0,0,0,9,0,90.0,245,"(3, 3)",0.0,True,False,3,10795,36085,9796,19408,6,376,42910,"(4, 15)","(4, 15)|(9, 10)|(3, 3)|(11, 5)|(16, 3)|(15, 16)",3469,287,0
v0_11_2,10.0,80000,2,499353674,331,48000,0,0,0,0,9,0,90.0,231,"(3, 3)",0.0,True,False,2,9779,10583,9269,18180,6,1148,44848,"(4, 15)","(4, 15)|(9, 10)|(3, 3)|(11, 5)|(16, 3)|(15, 16)",1896,0,0
v0_11_2,10.0,80000,3,118747043,331,48000,0,0,0,0,13,1,140.0,255,"(3, 3)",0.0,True,False,4,2247,35594,12215,7631,6,392,18127,"(4, 15)","(4, 15)|(9, 10)|(3, 3)|(15, 16)|(16, 3)|(11, 5)",2218,33,0
v0_11_2,10.0,80000,4,1786285173,331,48000,0,0,0,0,7,0,70.0,252,"(3, 3)",0.0,True,False,1,40577,40577,10350,1003,6,352,30052,"(4, 15)","(4, 15)|(9, 10)|(16, 3)|(11, 5)|(3, 3)|(15, 16)",2710,77,0
v0_11_2,10.0,80000,5,1405678542,331,48000,0,0,0,0,10,0,100.0,233,"(3, 3)",0.0,True,False,2,1576,2985,10618,11288,6,496,8273,"(4, 15)","(4, 15)|(15, 16)|(16, 3)|(11, 5)|(9, 10)|(3, 3)",2914,0,0
v0_11_2,10.0,80000,6,925733024,331,48000,0,0,0,0,12,0,120.0,208,"(3, 3)",0.0,True,False,3,1752,37637,8433,57,5,406,21139,"(4, 15)","(4, 15)|(9, 10)|(15, 16)|(16, 3)|(11, 5)",2592,382,0
v0_11_2,10.0,80000,7,545126393,331,48000,0,0,0,0,12,0,120.0,241,"(3, 3)",0.0,True,False,4,1556,17170,12094,2235,5,562,2397,"(4, 15)","(4, 15)|(15, 16)|(9, 10)|(11, 5)|(3, 3)",1543,53,0
v0_11_2,10.0,80000,8,65180875,331,48000,0,0,0,0,8,0,80.0,228,"(3, 3)",0.0,True,False,2,7926,9319,4453,357,5,346,6362,"(4, 15)","(4, 15)|(3, 3)|(11, 5)|(9, 10)|(16, 3)",2432,63,0
v0_11_2,10.0,80000,9,1832057892,331,48000,0,0,0,0,4,0,40.0,230,"(3, 3)",0.0,True,False,0,,,12838,5013,6,382,8511,"(4, 15)","(4, 15)|(15, 16)|(9, 10)|(11, 5)|(16, 3)|(3, 3)",2618,13,0
v0_10,0.1,160000,0,194966486,331,96000,0,0,0,0,6,0,0.6,120,"(3, 3)",5928.9908444456105,True,False,2,4739,59394,6300,966,,,,,,,,
v0_10,0.1,160000,1,1961843503,331,96000,0,0,0,0,15,0,1.5000000000000002,180,"(16, 3)",8985.992637773732,True,False,5,3246,58034,7861,114,,,,,,,,
v0_10,0.1,160000,2,1481897985,331,96000,0,0,0,0,3,0,0.30000000000000004,252,"(11, 5)",5610.528276591106,True,False,1,2257,2257,8660,914,,,,,,,,
v0_10,0.1,160000,3,1101291354,331,96000,0,0,0,0,2,0,0.2,97,"(4, 15)",10095.097993138988,True,True,0,,,3889,161,,,,,,,,
v0_10,0.1,160000,4,720684723,331,96000,0,0,0,0,15,0,1.5000000000000002,181,"(4, 15)",7805.937924318752,True,False,5,4359,47462,6210,661,,,,,,,,
v0_10,0.1,160000,5,240739205,331,96000,0,0,0,0,12,0,1.2,158,"(15, 16)",9398.795309269555,True,False,4,1203,1734,4219,1483,,,,,,,,
v0_10,0.1,160000,6,2007616222,331,96000,0,0,0,0,3,0,0.30000000000000004,79,"(3, 3)",10576.448554699478,True,False,0,,,2563,948,,,,,,,,
v0_10,0.1,160000,7,1527670704,331,96000,0,0,0,0,15,0,1.5000000000000002,154,"(4, 15)",8762.342392277385,True,False,5,5166,29781,1842,62,,,,,,,,
v0_10,0.1,160000,8,1147064073,331,96000,0,0,0,0,6,0,0.6,202,"(11, 5)",6063.389212954467,True,False,2,3414,6399,6221,1269,,,,,,,,
v0_10,0.1,160000,9,766457442,331,96000,0,0,0,0,7,0,0.7,172,"(15, 16)",6303.379597694743,True,False,2,6237,6408,7378,542,,,,,,,,
v0_10,0.5,160000,0,2135900713,331,96000,0,0,0,0,15,0,7.5,269,"(9, 10)",3775.4107761714217,True,False,5,6327,60435,11922,219,,,,,,,,
v0_10,0.5,160000,1,1655955195,331,96000,0,0,0,0,7,2,4.5,175,"(3, 3)",8474.944431081884,True,False,2,17936,20657,7151,2362,,,,,,,,
v0_10,0.5,160000,2,1275348564,331,96000,0,0,0,0,8,1,4.5,156,"(15, 16)",9226.445013111655,True,False,2,39507,112314,6691,1682,,,,,,,,
v0_10,0.5,160000,3,795403046,331,96000,0,0,0,0,11,0,5.5,274,"(15, 16)",6077.6313688597365,True,False,3,4761,84399,11014,1485,,,,,,,,
v0_10,0.5,160000,4,414796415,331,96000,0,0,0,0,15,0,7.5,234,"(3, 3)",7927.589031520028,True,False,5,1771,86360,11641,1670,,,,,,,,
v0_10,0.5,160000,5,2082334545,331,96000,0,0,0,0,8,0,4.0,126,"(11, 5)",9885.09660846778,True,False,1,7864,7864,3364,14,,,,,,,,
v0_10,0.5,160000,6,1701727914,331,96000,0,0,0,0,6,0,3.0,185,"(4, 15)",8849.943249269185,True,False,1,13053,13053,4018,502,,,,,,,,
v0_10,0.5,160000,7,1321121283,331,96000,0,0,0,0,6,2,4.0,209,"(16, 3)",5050.28619937064,True,False,1,52037,52037,5553,819,,,,,,,,
v0_10,0.5,160000,8,841175765,331,96000,0,0,0,0,7,4,5.5,205,"(3, 3)",4298.235704725134,False,False,2,5781,5869,7227,2193,,,,,,,,
v0_10,0.5,160000,9,460569134,331,96000,0,0,0,0,10,0,5.0,196,"(9, 10)",7985.49171063456,True,False,3,1810,14229,8864,430,,,,,,,,
v0_10,1.0,160000,0,1783787735,331,96000,0,0,0,0,8,0,8.0,225,"(3, 3)",4902.775543697961,True,False,2,38072,38105,7118,964,,,,,,,,
v0_10,1.0,160000,1,1403181104,331,96000,0,0,0,0,6,0,6.0,225,"(3, 3)",6340.5732874581145,True,False,2,4075,61396,8279,558,,,,,,,,
v0_10,1.0,160000,2,1022574473,331,96000,0,0,0,0,7,0,7.0,127,"(4, 15)",9808.895982777123,True,False,1,63946,63946,4092,35,,,,,,,,
v0_10,1.0,160000,3,542628955,331,96000,0,0,0,0,13,0,13.0,150,"(4, 15)",9517.295192390178,True,False,4,2521,83940,3812,98,,,,,,,,
v0_10,1.0,160000,4,162022324,331,96000,0,0,0,0,14,0,14.0,200,"(3, 3)",8250.392690497556,True,False,4,5446,64910,4099,437,,,,,,,,
v0_10,1.0,160000,5,1829560454,331,96000,0,0,0,0,5,0,5.0,110,"(3, 3)",10045.746970404829,True,False,1,86909,86909,2990,89,,,,,,,,
v0_10,1.0,160000,6,1448953823,331,96000,0,0,0,0,15,0,15.0,215,"(15, 16)",7040.630338256151,True,False,5,9014,58735,11658,1686,,,,,,,,
v0_10,1.0,160000,7,969008305,331,96000,0,0,0,0,6,0,6.0,185,"(15, 16)",6381.528230563935,True,False,2,10391,11458,9774,3795,,,,,,,,
v0_10,1.0,160000,8,588401674,331,96000,0,0,0,0,13,1,14.0,233,"(4, 15)",5598.5119600516055,True,False,4,654,98425,5790,352,,,,,,,,
v0_10,1.0,160000,9,207795043,331,96000,0,0,0,0,4,0,4.0,200,"(9, 10)",5581.8270346909085,True,False,1,92959,92959,6679,1,,,,,,,,
v0_10,2.0,160000,0,1069626061,331,96000,0,0,0,0,0,0,0.0,251,"(11, 5)",7514.78621943244,True,True,0,,,8028,0,,,,,,,,
v0_10,2.0,160000,1,689019430,331,96000,0,0,0,0,14,0,28.0,311,"(15, 16)",5884.412701431979,True,False,4,8544,25875,11927,1918,,,,,,,,
v0_10,2.0,160000,2,308412799,331,96000,0,0,0,0,3,0,6.0,161,"(16, 3)",8258.189636886174,True,False,1,12227,12227,5168,137,,,,,,,,
v0_10,2.0,160000,3,1975950929,331,96000,0,0,0,0,0,0,0.0,80,"(3, 3)",10453.898142582815,True,True,0,,,2307,1023,,,,,,,,
v0_10,2.0,160000,4,1595344298,331,96000,0,0,0,0,2,0,4.0,86,"(16, 3)",10485.69827846268,True,True,0,,,2407,1036,,,,,,,,
v0_10,2.0,160000,5,1115398780,331,96000,0,0,0,0,10,0,20.0,188,"(16, 3)",8847.093161503633,True,False,3,18949,20411,8746,1253,,,,,,,,
v0_10,2.0,160000,6,734792149,331,96000,0,0,0,0,11,0,22.0,173,"(4, 15)",8495.642031540363,True,False,3,35030,73605,6684,121,,,,,,,,
v0_10,2.0,160000,7,354185518,331,96000,0,0,0,0,5,0,10.0,93,"(16, 3)",10320.69741960149,True,False,1,5321,5321,4319,121,,,,,,,,
v0_10,2.0,160000,8,2021723648,331,96000,0,0,0,0,2,0,4.0,89,"(16, 3)",10533.398336641812,True,True,0,,,2419,895,,,,,,,,
v0_10,2.0,160000,9,1641117017,331,96000,0,0,0,0,2,1,6.0,140,"(16, 3)",8783.793987518991,True,False,0,,,6715,98,,,,,,,,
v0_10,5.0,160000,0,92194243,331,96000,0,0,0,0,5,0,25.0,79,"(3, 3)",10557.098205494402,True,False,0,,,4425,1520,,,,,,,,
v0_10,5.0,160000,1,1859071260,331,96000,0,0,0,0,6,0,30.0,166,"(16, 3)",8093.488787426653,True,False,2,5041,15756,6807,149,,,,,,,,
v0_10,5.0,160000,2,1379125742,331,96000,0,0,0,0,12,1,65.0,175,"(4, 15)",5288.788781875278,True,False,3,3538,96125,4462,2638,,,,,,,,
v0_10,5.0,160000,3,998519111,331,96000,0,0,0,0,7,0,35.0,102,"(3, 3)",10250.797194197683,True,False,2,75833,81165,1880,868,,,,,,,,
v0_10,5.0,160000,4,518573593,331,96000,0,0,0,0,15,0,75.0,188,"(3, 3)",6320.789713545437,True,False,5,1509,93977,9427,233,,,,,,,,
v0_10,5.0,160000,5,137966962,331,96000,0,0,0,0,3,0,15.0,174,"(15, 16)",8787.542444457195,True,False,1,21561,21561,7522,1187,,,,,,,,
v0_10,5.0,160000,6,1805505092,331,96000,0,0,0,0,6,0,30.0,176,"(4, 15)",8102.4887647349115,True,False,1,6123,6123,5420,19,,,,,,,,
v0_10,5.0,160000,7,1424898461,331,96000,0,0,0,0,6,0,30.0,138,"(4, 15)",9419.046020281332,True,False,1,11153,11153,4104,98,,,,,,,,
v0_10,5.0,160000,8,1044291830,331,96000,0,0,0,0,6,0,30.0,186,"(15, 16)",6135.071143144724,True,False,2,8208,32571,8798,1626,,,,,,,,
v0_10,5.0,160000,9,564346312,331,96000,0,0,0,0,1,0,5.0,74,"(3, 3)",10567.898156459862,True,True,0,,,2913,972,,,,,,,,
v0_10,10.0,160000,0,1951871609,331,96000,0,0,0,0,9,1,100.0,204,"(4, 15)",5019.490048803733,True,False,3,50949,99320,5874,342,,,,,,,,
v0_10,10.0,160000,1,1571264978,331,96000,0,0,0,0,9,0,90.0,143,"(16, 3)",9427.745336536123,True,False,2,963,60398,4903,1277,,,,,,,,
v0_10,10.0,160000,2,1091319460,331,96000,0,0,0,0,15,0,150.0,207,"(11, 5)",6013.423805196709,True,False,5,1285,41829,7935,61,,,,,,,,
v0_10,10.0,160000,3,710712829,331,96000,0,0,0,0,12,1,130.0,290,"(11, 5)",2846.464370185929,True,False,4,2638,6734,8878,1473,,,,,,,,
v0_10,10.0,160000,4,230767311,331,96000,0,0,0,0,13,1,140.0,248,"(4, 15)",3774.5180008945986,True,False,4,18812,50441,2777,231,,,,,,,,
v0_10,10.0,160000,5,1997644328,331,96000,0,0,0,0,5,0,50.0,184,"(15, 16)",8568.691552763506,True,False,1,10181,10181,9030,716,,,,,,,,
v0_10,10.0,160000,6,1517698810,331,96000,0,0,0,0,7,0,70.0,114,"(4, 15)",10037.947265152234,True,False,2,8091,9829,3310,48,,,,,,,,
v0_10,10.0,160000,7,1137092179,331,96000,0,0,0,0,15,0,150.0,187,"(9, 10)",7020.984313793771,True,False,5,1697,71194,4025,194,,,,,,,,
v0_10,10.0,160000,8,756485548,331,96000,0,0,0,0,10,0,100.0,115,"(9, 10)",9884.046157716943,True,False,2,47166,47215,254,0,,,,,,,,
v0_10,10.0,160000,9,276540030,331,96000,0,0,0,0,13,0,130.0,233,"(4, 15)",7631.788869258776,True,False,4,2245,68055,9615,4138,,,,,,,,
v0_11_2,0.1,160000,0,202358875,331,96000,0,0,0,0,15,0,1.5000000000000002,466,"(3, 3)",0.0,True,False,5,369,43553,17483,16483,6,799,86804,"(3, 3)","(3, 3)|(11, 5)|(16, 3)|(9, 10)|(15, 16)|(4, 15)",4464,466,0
v0_11_2,0.1,160000,1,1869897005,331,96000,0,0,0,0,7,0,0.7,429,"(3, 3)",0.0,True,False,2,9105,45720,25003,2609,6,354,39995,"(4, 15)","(4, 15)|(15, 16)|(9, 10)|(16, 3)|(3, 3)|(11, 5)",5308,17,0
v0_11_2,0.1,160000,2,1489290374,331,96000,0,0,0,0,13,0,1.3,417,"(3, 3)",0.0,True,False,4,1668,68299,25287,1866,6,396,27424,"(4, 15)","(4, 15)|(15, 16)|(9, 10)|(3, 3)|(11, 5)|(16, 3)",2716,160,0
v0_11_2,0.1,160000,3,1108683743,331,96000,0,0,0,0,13,0,1.3,417,"(3, 3)",0.0,True,False,4,2041,22601,20888,3419,6,2228,38496,"(9, 10)","(9, 10)|(15, 16)|(4, 15)|(11, 5)|(3, 3)|(16, 3)",5036,744,0
v0_11_2,0.1,160000,4,628738225,331,96000,0,0,0,0,12,0,1.2,436,"(3, 3)",0.0,True,False,4,15516,85465,23823,3952,6,1256,4580,"(9, 10)","(9, 10)|(16, 3)|(11, 5)|(3, 3)|(4, 15)|(15, 16)",4004,137,0
v0_11_2,0.1,160000,5,248131594,331,96000,0,0,0,0,15,0,1.5000000000000002,454,"(3, 3)",0.0,True,False,5,1436,29049,15461,2482,6,1088,19821,"(4, 15)","(4, 15)|(15, 16)|(16, 3)|(11, 5)|(9, 10)|(3, 3)",4164,850,0
v0_11_2,0.1,160000,6,1915669724,331,96000,0,0,0,0,15,0,1.5000000000000002,414,"(3, 3)",0.0,True,False,5,3266,88253,17206,35739,5,578,7892,"(4, 15)","(4, 15)|(9, 10)|(3, 3)|(11, 5)|(16, 3)",4667,1264,0
v0_11_2,0.1,160000,7,1535063093,331,96000,0,0,0,0,13,0,1.3,452,"(3, 3)",0.0,True,False,4,16945,91108,17448,22590,6,340,47929,"(4, 15)","(4, 15)|(15, 16)|(9, 10)|(16, 3)|(11, 5)|(3, 3)",2785,169,0
v0_11_2,0.1,160000,8,1154456462,331,96000,0,0,0,0,15,0,1.5000000000000002,441,"(3, 3)",0.0,True,False,5,976,80642,17210,30651,6,404,13450,"(4, 15)","(4, 15)|(9, 10)|(11, 5)|(3, 3)|(16, 3)|(15, 16)",3789,240,0
v0_11_2,0.1,160000,9,674510944,331,96000,0,0,0,0,12,0,1.2,452,"(3, 3)",0.0,True,False,3,30263,71061,21066,1206,6,1076,6478,"(15, 16)","(15, 16)|(9, 10)|(11, 5)|(16, 3)|(3, 3)|(4, 15)",3530,524,0
v0_11_2,0.5,160000,0,749409430,331,96000,0,0,0,0,15,0,7.5,425,"(3, 3)",0.0,True,False,5,5473,54271,13526,1820,6,374,12765,"(4, 15)","(4, 15)|(9, 10)|(11, 5)|(16, 3)|(15, 16)|(3, 3)",5877,1694,0
v0_11_2,0.5,160000,1,269463912,331,96000,0,0,0,0,15,0,7.5,441,"(3, 3)",0.0,True,False,5,2783,57090,19514,2813,6,472,55714,"(4, 15)","(4, 15)|(9, 10)|(11, 5)|(16, 3)|(3, 3)|(15, 16)",4956,160,0
v0_11_2,0.5,160000,2,2036340929,331,96000,0,0,0,0,15,0,7.5,429,"(3, 3)",0.0,True,False,5,16249,81009,14234,18015,6,390,56507,"(4, 15)","(4, 15)|(9, 10)|(11, 5)|(16, 3)|(15, 16)|(3, 3)",5509,1152,0
v0_11_2,0.5,160000,3,1655734298,331,96000,0,0,0,0,12,0,6.0,429,"(3, 3)",0.0,True,False,4,5685,40240,16162,45553,6,366,81625,"(4, 15)","(4, 15)|(9, 10)|(11, 5)|(15, 16)|(16, 3)|(3, 3)",4886,1917,0
v0_11_2,0.5,160000,4,1175788780,331,96000,0,0,0,0,7,1,4.0,422,"(3, 3)",0.0,True,False,1,58443,58443,16797,5050,6,1420,13572,"(4, 15)","(4, 15)|(9, 10)|(11, 5)|(15, 16)|(3, 3)|(16, 3)",6631,1850,0
v0_11_2,0.5,160000,5,795182149,331,96000,0,0,0,0,15,0,7.5,441,"(3, 3)",0.0,True,False,5,8881,79748,26695,1702,6,504,76730,"(9, 10)","(9, 10)|(4, 15)|(15, 16)|(3, 3)|(11, 5)|(16, 3)",5931,198,0
v0_11_2,0.5,160000,6,315236631,331,96000,0,0,0,0,15,0,7.5,440,"(3, 3)",0.0,True,False,5,996,76950,12884,3730,6,390,9300,"(4, 15)","(4, 15)|(9, 10)|(3, 3)|(11, 5)|(16, 3)|(15, 16)",4175,92,0
v0_11_2,0.5,160000,7,2082113648,331,96000,0,0,0,0,13,0,6.5,433,"(3, 3)",0.0,True,False,4,1064,82960,24927,340,5,356,61590,"(4, 15)","(4, 15)|(3, 3)|(11, 5)|(9, 10)|(16, 3)",3426,61,0
v0_11_2,0.5,160000,8,1602168130,331,96000,0,0,0,0,11,0,5.5,411,"(3, 3)",0.0,True,False,3,32235,66646,14795,693,5,448,3860,"(15, 16)","(15, 16)|(16, 3)|(11, 5)|(3, 3)|(9, 10)",4140,76,0
v0_11_2,0.5,160000,9,1221561499,331,96000,0,0,0,0,15,0,7.5,418,"(3, 3)",0.0,True,False,5,4231,52675,25348,2176,6,918,8947,"(4, 15)","(4, 15)|(9, 10)|(11, 5)|(16, 3)|(15, 16)|(3, 3)",2879,14,0
v0_11_2,1.0,160000,0,496635339,331,96000,0,0,0,0,7,0,7.0,425,"(3, 3)",0.0,True,False,0,,,15414,19756,6,420,7597,"(4, 15)","(4, 15)|(9, 10)|(15, 16)|(11, 5)|(16, 3)|(3, 3)",3613,392,0
v0_11_2,1.0,160000,1,16689821,331,96000,0,0,0,0,10,0,10.0,409,"(3, 3)",0.0,True,False,3,19218,62443,11800,10345,4,366,20085,"(4, 15)","(4, 15)|(9, 10)|(15, 16)|(11, 5)",4472,120,0
v0_11_2,1.0,160000,2,1783566838,331,96000,0,0,0,0,15,0,15.0,470,"(3, 3)",0.0,True,False,5,2680,32797,18787,8327,6,380,82348,"(4, 15)","(4, 15)|(9, 10)|(15, 16)|(3, 3)|(11, 5)|(16, 3)",3483,62,0
v0_11_2,1.0,160000,3,1303621320,331,96000,0,0,0,0,14,0,14.0,410,"(3, 3)",0.0,True,False,4,8921,31823,27992,10261,6,1588,32752,"(4, 15)","(4, 15)|(15, 16)|(9, 10)|(3, 3)|(11, 5)|(16, 3)",5095,235,0
v0_11_2,1.0,160000,4,923014689,331,96000,0,0,0,0,15,0,15.0,424,"(3, 3)",0.0,True,False,5,3641,54867,15630,5970,6,482,6859,"(4, 15)","(4, 15)|(15, 16)|(16, 3)|(11, 5)|(9, 10)|(3, 3)",3829,22,0
v0_11_2,1.0,160000,5,542408058,331,96000,0,0,0,0,15,0,15.0,442,"(3, 3)",0.0,True,False,5,1331,37656,24181,6274,6,372,90148,"(9, 10)","(9, 10)|(11, 5)|(16, 3)|(15, 16)|(3, 3)|(4, 15)",4714,110,0
v0_11_2,1.0,160000,6,62462540,331,96000,0,0,0,0,13,0,13.0,390,"(3, 3)",0.0,True,False,4,12339,25720,24081,146,6,342,65488,"(4, 15)","(4, 15)|(9, 10)|(3, 3)|(11, 5)|(16, 3)|(15, 16)",3382,647,0
v0_11_2,1.0,160000,7,1829339557,331,96000,0,0,0,0,15,0,15.0,447,"(3, 3)",0.0,True,False,5,1431,57722,16632,8582,6,504,9059,"(4, 15)","(4, 15)|(9, 10)|(11, 5)|(16, 3)|(15, 16)|(3, 3)",6122,2458,0
v0_11_2,1.0,160000,8,1349394039,331,96000,0,0,0,0,15,0,15.0,444,"(3, 3)",0.0,True,False,5,1045,28838,19004,2090,6,376,4172,"(4, 15)","(4, 15)|(3, 3)|(16, 3)|(11, 5)|(9, 10)|(15, 16)",3332,260,0
v0_11_2,1.0,160000,9,968787408,331,96000,0,0,0,0,15,0,15.0,378,"(3, 3)",0.0,True,False,5,11548,66178,17798,8554,6,348,21223,"(4, 15)","(4, 15)|(9, 10)|(3, 3)|(15, 16)|(16, 3)|(11, 5)",3838,0,0
v0_11_2,2.0,160000,0,271697600,331,96000,0,0,0,0,13,0,26.0,432,"(3, 3)",0.0,True,False,4,1739,24936,23509,56132,6,666,20041,"(4, 15)","(4, 15)|(9, 10)|(3, 3)|(16, 3)|(15, 16)|(11, 5)",4092,39,0
v0_11_2,2.0,160000,1,1939235730,331,96000,0,0,0,0,15,0,30.0,443,"(3, 3)",0.0,True,False,5,7673,90858,22167,1355,6,892,62345,"(4, 15)","(4, 15)|(9, 10)|(15, 16)|(11, 5)|(16, 3)|(3, 3)",3257,48,0
v0_11_2,2.0,160000,2,1558629099,331,96000,0,0,0,0,13,1,28.0,432,"(3, 3)",0.0,True,False,4,2235,36913,22759,2880,6,922,107083,"(4, 15)","(4, 15)|(15, 16)|(9, 10)|(16, 3)|(11, 5)|(3, 3)",4293,477,0
v0_11_2,2.0,160000,3,1178022468,331,96000,0,0,0,0,15,0,30.0,443,"(3, 3)",0.0,True,False,5,1803,91893,26181,2165,6,380,10762,"(4, 15)","(4, 15)|(3, 3)|(11, 5)|(9, 10)|(15, 16)|(16, 3)",4156,295,0
v0_11_2,2.0,160000,4,698076950,331,96000,0,0,0,0,15,0,30.0,431,"(3, 3)",0.0,True,False,5,2116,64068,16403,1856,6,492,37846,"(4, 15)","(4, 15)|(9, 10)|(11, 5)|(3, 3)|(16, 3)|(15, 16)",4881,398,0
v0_11_2,2.0,160000,5,317470319,331,96000,0,0,0,0,15,0,30.0,408,"(3, 3)",0.0,True,False,5,1027,74210,15085,1061,6,420,74931,"(4, 15)","(4, 15)|(16, 3)|(15, 16)|(11, 5)|(9, 10)|(3, 3)",4577,46,0
v0_11_2,2.0,160000,6,1985008449,331,96000,0,0,0,0,10,0,20.0,425,"(3, 3)",0.0,True,False,2,626,6311,17858,18195,5,818,31810,"(15, 16)","(15, 16)|(9, 10)|(4, 15)|(11, 5)|(16, 3)",4773,54,0
v0_11_2,2.0,160000,7,1604401818,331,96000,0,0,0,0,15,0,30.0,408,"(3, 3)",0.0,True,False,5,5968,61021,24804,1875,6,966,18762,"(4, 15)","(4, 15)|(15, 16)|(9, 10)|(3, 3)|(11, 5)|(16, 3)",3583,9,0
v0_11_2,2.0,160000,8,1124456300,331,96000,0,0,0,0,14,0,28.0,457,"(3, 3)",0.0,True,False,4,8589,36319,15618,10008,6,414,44656,"(4, 15)","(4, 15)|(9, 10)|(15, 16)|(11, 5)|(3, 3)|(16, 3)",3790,89,0
v0_11_2,2.0,160000,9,743849669,331,96000,0,0,0,0,10,1,22.0,387,"(3, 3)",0.0,True,False,3,82533,115449,24767,27318,6,860,52202,"(4, 15)","(4, 15)|(3, 3)|(11, 5)|(16, 3)|(15, 16)|(9, 10)",4336,78,0
v0_11_2,5.0,160000,0,853186608,331,96000,0,0,0,0,14,0,70.0,421,"(3, 3)",0.0,True,False,4,7730,85423,24941,626,6,368,14333,"(4, 15)","(4, 15)|(9, 10)|(11, 5)|(16, 3)|(15, 16)|(3, 3)",3484,35,0
v0_11_2,5.0,160000,1,472579977,331,96000,0,0,0,0,14,1,75.0,415,"(3, 3)",0.0,True,False,5,24933,101386,18072,1040,6,464,70096,"(9, 10)","(9, 10)|(3, 3)|(11, 5)|(16, 3)|(15, 16)|(4, 15)",5034,648,0
v0_11_2,5.0,160000,2,2140118107,331,96000,0,0,0,0,15,0,75.0,459,"(3, 3)",0.0,True,False,5,8562,82093,24809,9840,6,476,12819,"(4, 15)","(4, 15)|(9, 10)|(16, 3)|(11, 5)|(15, 16)|(3, 3)",4164,414,0
v0_11_2,5.0,160000,3,1759511476,331,96000,0,0,0,0,12,0,60.0,443,"(3, 3)",0.0,True,False,4,10455,42537,14472,2126,6,362,7990,"(4, 15)","(4, 15)|(9, 10)|(11, 5)|(15, 16)|(3, 3)|(16, 3)",4348,337,0
v0_11_2,5.0,160000,4,1378904845,331,96000,0,0,0,0,15,0,75.0,433,"(3, 3)",0.0,True,False,5,12181,82499,20740,3704,6,835,17005,"(11, 5)","(11, 5)|(16, 3)|(15, 16)|(9, 10)|(4, 15)|(3, 3)",5156,743,0
v0_11_2,5.0,160000,5,898959327,331,96000,0,0,0,0,14,0,70.0,448,"(3, 3)",0.0,True,False,4,3253,21750,16489,9954,6,398,10624,"(4, 15)","(4, 15)|(9, 10)|(11, 5)|(3, 3)|(15, 16)|(16, 3)",5256,273,0
v0_11_2,5.0,160000,6,518352696,331,96000,0,0,0,0,13,0,65.0,421,"(3, 3)",0.0,True,False,4,14172,33579,19915,9665,6,638,4506,"(4, 15)","(4, 15)|(3, 3)|(11, 5)|(9, 10)|(16, 3)|(15, 16)",3588,52,0
v0_11_2,5.0,160000,7,38407178,331,96000,0,0,0,0,9,0,45.0,420,"(3, 3)",0.0,True,False,2,1783,14132,22364,2319,6,658,73447,"(4, 15)","(4, 15)|(15, 16)|(9, 10)|(11, 5)|(16, 3)|(3, 3)",4308,32,0
v0_11_2,5.0,160000,8,1805284195,331,96000,0,0,0,0,15,0,75.0,412,"(3, 3)",0.0,True,False,5,14675,69785,17117,531,6,348,36018,"(4, 15)","(4, 15)|(15, 16)|(11, 5)|(3, 3)|(16, 3)|(9, 10)",5725,601,0
v0_11_2,5.0,160000,9,1325338677,331,96000,0,0,0,0,15,0,75.0,444,"(3, 3)",0.0,True,False,5,6963,79117,19489,5284,6,384,13807,"(4, 15)","(4, 15)|(9, 10)|(15, 16)|(11, 5)|(16, 3)|(3, 3)",4773,705,0
v0_11_2,10.0,160000,0,565380326,331,96000,0,0,0,0,8,3,110.0,411,"(3, 3)",0.0,False,False,3,52643,133872,23666,14123,6,996,7822,"(4, 15)","(4, 15)|(9, 10)|(3, 3)|(11, 5)|(16, 3)|(15, 16)",4085,213,0
v0_11_2,10.0,160000,1,184773695,331,96000,0,0,0,0,12,0,120.0,441,"(3, 3)",0.0,True,False,4,2077,25063,21134,7898,5,573,72383,"(3, 3)","(3, 3)|(4, 15)|(15, 16)|(9, 10)|(11, 5)",3301,92,0
v0_11_2,10.0,160000,2,1852311825,331,96000,0,0,0,0,12,3,150.0,447,"(3, 3)",0.0,False,False,5,3871,117733,17207,11288,6,358,95132,"(4, 15)","(4, 15)|(16, 3)|(11, 5)|(9, 10)|(3, 3)|(15, 16)",4121,766,0
v0_11_2,10.0,160000,3,1471705194,331,96000,0,0,0,0,9,0,90.0,422,"(3, 3)",0.0,True,False,2,30710,34853,16008,1206,6,370,64637,"(4, 15)","(4, 15)|(9, 10)|(11, 5)|(16, 3)|(15, 16)|(3, 3)",4652,545,0
v0_11_2,10.0,160000,4,1091098563,331,96000,0,0,0,0,14,0,140.0,426,"(3, 3)",0.0,True,False,4,913,10395,22490,3627,5,1034,38056,"(9, 10)","(9, 10)|(15, 16)|(16, 3)|(11, 5)|(4, 15)",4486,411,0
v0_11_2,10.0,160000,5,611153045,331,96000,0,0,0,0,12,0,120.0,465,"(3, 3)",0.0,True,False,4,15636,74051,28452,8310,6,1354,75020,"(4, 15)","(4, 15)|(3, 3)|(9, 10)|(11, 5)|(16, 3)|(15, 16)",4786,550,0
v0_11_2,10.0,160000,6,230546414,331,96000,0,0,0,0,11,0,110.0,431,"(3, 3)",0.0,True,False,3,4998,34537,21248,3412,6,350,28618,"(4, 15)","(4, 15)|(3, 3)|(16, 3)|(11, 5)|(9, 10)|(15, 16)",4666,174,0
v0_11_2,10.0,160000,7,1898084544,331,96000,0,0,0,0,12,0,120.0,471,"(3, 3)",0.0,True,False,4,39753,72213,15101,14670,6,1614,39694,"(4, 15)","(4, 15)|(9, 10)|(11, 5)|(16, 3)|(3, 3)|(15, 16)",5896,1584,0
v0_11_2,10.0,160000,8,1517477913,331,96000,0,0,0,0,12,0,120.0,438,"(3, 3)",0.0,True,False,3,8575,50828,16704,23143,6,338,16314,"(4, 15)","(4, 15)|(3, 3)|(9, 10)|(11, 5)|(15, 16)|(16, 3)",5092,11,0
v0_11_2,10.0,160000,9,1037532395,331,96000,0,0,0,0,15,0,150.0,453,"(3, 3)",0.0,True,False,5,7204,59079,24786,7365,6,1040,38352,"(9, 10)","(9, 10)|(11, 5)|(16, 3)|(15, 16)|(3, 3)|(4, 15)",4531,392,0
